<?xml version="1.0" encoding="utf-8"?>
<rules>
    <builtin>
        <category description="OWASP Top 10 Most Critical Web Application Security Risks (2021)" name="OWASP2021">
            <category description="OWASP Top 10 2021 A6 Vulnerable and Outdated Components" name="A6">

                <rule dependencycheckId="Critical" id="DCC" header="Do not use components with critical severity vulnerabilities" severity="1"/>
                <rule dependencycheckId="High" id="DCH" header="Do not use components with high severity vulnerabilities" severity="2"/>
                <rule dependencycheckId="Medium" id="DCM" header="Do not use components with medium severity vulnerabilities" severity="3"/>
                <rule dependencycheckId="Low" id="DCL" header="Do not use components with low severity vulnerabilities" severity="4"/>
                <rule dependencycheckId="0.0" id="DCVL" header="Do not use components with 0.0 severity vulnerability" severity="5"/>
                
            </category>
        </category>
    </builtin>
</rules>